user_id,age,gender,occupation,user_profile
119,24,male,technician,"Age: 24
Gender: male
Occupation: technician"
230,53,female,other,"Age: 53
Gender: female
Occupation: other"
270,23,male,writer,"Age: 23
Gender: male
Occupation: writer"
268,24,male,technician,"Age: 24
Gender: male
Occupation: technician"
112,33,female,other,"Age: 33
Gender: female
Occupation: other"
10,42,male,executive,"Age: 42
Gender: male
Occupation: executive"
39,57,male,administrator,"Age: 57
Gender: male
Occupation: administrator"
74,36,male,administrator,"Age: 36
Gender: male
Occupation: administrator"
294,29,male,student,"Age: 29
Gender: male
Occupation: student"
40,53,male,lawyer,"Age: 53
Gender: male
Occupation: lawyer"
73,39,female,other,"Age: 39
Gender: female
Occupation: other"
305,28,female,other,"Age: 28
Gender: female
Occupation: other"
59,47,male,educator,"Age: 47
Gender: male
Occupation: educator"
138,45,male,scientist,"Age: 45
Gender: male
Occupation: scientist"
121,49,female,educator,"Age: 49
Gender: female
Occupation: educator"
132,21,male,entertainment,"Age: 21
Gender: male
Occupation: entertainment"
248,30,male,programmer,"Age: 30
Gender: male
Occupation: programmer"
115,35,female,other,"Age: 35
Gender: female
Occupation: other"
110,40,male,librarian,"Age: 40
Gender: male
Occupation: librarian"
58,42,female,homemaker,"Age: 42
Gender: female
Occupation: homemaker"
176,26,male,writer,"Age: 26
Gender: male
Occupation: writer"
3,25,male,writer,"Age: 25
Gender: male
Occupation: writer"
154,30,female,artist,"Age: 30
Gender: female
Occupation: artist"
247,21,female,artist,"Age: 21
Gender: female
Occupation: artist"
52,39,male,engineer,"Age: 39
Gender: male
Occupation: engineer"
116,49,male,engineer,"Age: 49
Gender: male
Occupation: engineer"
317,40,female,librarian,"Age: 40
Gender: female
Occupation: librarian"
78,32,male,writer,"Age: 32
Gender: male
Occupation: writer"
236,41,male,programmer,"Age: 41
Gender: male
Occupation: programmer"
287,7,male,student,"Age: 7
Gender: male
Occupation: student"
283,24,male,artist,"Age: 24
Gender: male
Occupation: artist"
80,28,female,student,"Age: 28
Gender: female
Occupation: student"
156,23,male,student,"Age: 23
Gender: male
Occupation: student"
278,38,female,administrator,"Age: 38
Gender: female
Occupation: administrator"
275,20,female,homemaker,"Age: 20
Gender: female
Occupation: homemaker"
136,19,female,student,"Age: 19
Gender: female
Occupation: student"
238,23,male,student,"Age: 23
Gender: male
Occupation: student"
26,28,female,other,"Age: 28
Gender: female
Occupation: other"
327,41,male,entertainment,"Age: 41
Gender: male
Occupation: entertainment"
306,38,male,scientist,"Age: 38
Gender: male
Occupation: scientist"
95,33,male,engineer,"Age: 33
Gender: male
Occupation: engineer"
56,30,male,administrator,"Age: 30
Gender: male
Occupation: administrator"
99,29,female,librarian,"Age: 29
Gender: female
Occupation: librarian"
93,26,male,technician,"Age: 26
Gender: male
Occupation: technician"
201,29,male,programmer,"Age: 29
Gender: male
Occupation: programmer"
289,27,female,marketing,"Age: 27
Gender: female
Occupation: marketing"
242,53,male,marketing,"Age: 53
Gender: male
Occupation: marketing"
226,45,male,administrator,"Age: 45
Gender: male
Occupation: administrator"
106,23,female,student,"Age: 23
Gender: female
Occupation: student"
30,21,male,writer,"Age: 21
Gender: male
Occupation: writer"
280,28,male,educator,"Age: 28
Gender: male
Occupation: educator"
124,18,female,student,"Age: 18
Gender: female
Occupation: student"
250,26,male,programmer,"Age: 26
Gender: male
Occupation: programmer"
131,22,male,executive,"Age: 22
Gender: male
Occupation: executive"
346,37,male,programmer,"Age: 37
Gender: male
Occupation: programmer"
120,25,male,librarian,"Age: 25
Gender: male
Occupation: librarian"
62,16,male,none,"Age: 16
Gender: male
Occupation: none"
89,27,male,programmer,"Age: 27
Gender: male
Occupation: programmer"
53,49,male,educator,"Age: 49
Gender: male
Occupation: educator"
61,50,male,healthcare,"Age: 50
Gender: male
Occupation: healthcare"
172,36,male,engineer,"Age: 36
Gender: male
Occupation: engineer"
11,27,female,administrator,"Age: 27
Gender: female
Occupation: administrator"
28,31,male,marketing,"Age: 31
Gender: male
Occupation: marketing"
183,32,male,educator,"Age: 32
Gender: male
Occupation: educator"
187,51,female,educator,"Age: 51
Gender: female
Occupation: educator"
114,23,male,student,"Age: 23
Gender: male
Occupation: student"
302,17,male,student,"Age: 17
Gender: male
Occupation: student"
108,19,male,student,"Age: 19
Gender: male
Occupation: student"
167,24,male,engineer,"Age: 24
Gender: male
Occupation: engineer"
137,27,male,engineer,"Age: 27
Gender: male
Occupation: engineer"
279,39,male,scientist,"Age: 39
Gender: male
Occupation: scientist"
54,48,female,administrator,"Age: 48
Gender: female
Occupation: administrator"
194,24,male,student,"Age: 24
Gender: male
Occupation: student"
298,39,male,scientist,"Age: 39
Gender: male
Occupation: scientist"
211,24,male,entertainment,"Age: 24
Gender: male
Occupation: entertainment"
264,20,male,student,"Age: 20
Gender: male
Occupation: student"
158,30,male,technician,"Age: 30
Gender: male
Occupation: technician"
214,26,male,administrator,"Age: 26
Gender: male
Occupation: administrator"
210,39,female,administrator,"Age: 39
Gender: female
Occupation: administrator"
113,34,female,administrator,"Age: 34
Gender: female
Occupation: administrator"
50,21,male,student,"Age: 21
Gender: male
Occupation: student"
96,50,male,programmer,"Age: 50
Gender: male
Occupation: programmer"
128,40,male,other,"Age: 40
Gender: male
Occupation: other"
100,32,male,executive,"Age: 32
Gender: male
Occupation: executive"
103,51,male,educator,"Age: 51
Gender: male
Occupation: educator"
321,26,male,administrator,"Age: 26
Gender: male
Occupation: administrator"
55,47,male,administrator,"Age: 47
Gender: male
Occupation: administrator"
293,49,female,librarian,"Age: 49
Gender: female
Occupation: librarian"
244,43,female,administrator,"Age: 43
Gender: female
Occupation: administrator"
81,60,male,educator,"Age: 60
Gender: male
Occupation: educator"
133,55,male,marketing,"Age: 55
Gender: male
Occupation: marketing"
66,32,male,entertainment,"Age: 32
Gender: male
Occupation: entertainment"
233,48,male,executive,"Age: 48
Gender: male
Occupation: executive"
91,26,male,student,"Age: 26
Gender: male
Occupation: student"
25,31,male,administrator,"Age: 31
Gender: male
Occupation: administrator"
192,25,female,artist,"Age: 25
Gender: female
Occupation: artist"
34,43,male,artist,"Age: 43
Gender: male
Occupation: artist"
304,49,female,executive,"Age: 49
Gender: female
Occupation: executive"
47,20,male,student,"Age: 20
Gender: male
Occupation: student"
143,36,male,executive,"Age: 36
Gender: male
Occupation: executive"
162,15,male,student,"Age: 15
Gender: male
Occupation: student"
27,38,male,programmer,"Age: 38
Gender: male
Occupation: programmer"
285,26,male,student,"Age: 26
Gender: male
Occupation: student"
168,27,male,student,"Age: 27
Gender: male
Occupation: student"
277,24,male,engineer,"Age: 24
Gender: male
Occupation: engineer"
254,61,male,retired,"Age: 61
Gender: male
Occupation: retired"
218,39,male,scientist,"Age: 39
Gender: male
Occupation: scientist"
241,44,male,educator,"Age: 44
Gender: male
Occupation: educator"
182,29,male,other,"Age: 29
Gender: male
Occupation: other"
88,19,male,student,"Age: 19
Gender: male
Occupation: student"
190,57,male,engineer,"Age: 57
Gender: male
Occupation: engineer"
164,30,male,salesman,"Age: 30
Gender: male
Occupation: salesman"
147,47,male,executive,"Age: 47
Gender: male
Occupation: executive"
184,27,male,programmer,"Age: 27
Gender: male
Occupation: programmer"
7,31,male,engineer,"Age: 31
Gender: male
Occupation: engineer"
193,40,male,healthcare,"Age: 40
Gender: male
Occupation: healthcare"
186,20,male,student,"Age: 20
Gender: male
Occupation: student"
215,21,male,administrator,"Age: 21
Gender: male
Occupation: administrator"
21,32,male,programmer,"Age: 32
Gender: male
Occupation: programmer"
288,47,female,other,"Age: 47
Gender: female
Occupation: other"
105,54,male,librarian,"Age: 54
Gender: male
Occupation: librarian"
17,32,female,writer,"Age: 32
Gender: female
Occupation: writer"
151,48,female,artist,"Age: 48
Gender: female
Occupation: artist"
251,34,male,student,"Age: 34
Gender: male
Occupation: student"
127,30,male,lawyer,"Age: 30
Gender: male
Occupation: lawyer"
204,28,female,lawyer,"Age: 28
Gender: female
Occupation: lawyer"
70,33,male,none,"Age: 33
Gender: male
Occupation: none"
92,24,female,marketing,"Age: 24
Gender: female
Occupation: marketing"
200,36,female,marketing,"Age: 36
Gender: female
Occupation: marketing"
117,20,male,none,"Age: 20
Gender: male
Occupation: none"
202,59,female,administrator,"Age: 59
Gender: female
Occupation: administrator"
329,24,male,other,"Age: 24
Gender: male
Occupation: other"
165,53,male,engineer,"Age: 53
Gender: male
Occupation: engineer"
178,31,male,programmer,"Age: 31
Gender: male
Occupation: programmer"
79,23,male,student,"Age: 23
Gender: male
Occupation: student"
266,51,male,other,"Age: 51
Gender: male
Occupation: other"
188,50,male,educator,"Age: 50
Gender: male
Occupation: educator"
60,46,male,doctor,"Age: 46
Gender: male
Occupation: doctor"
322,20,male,student,"Age: 20
Gender: male
Occupation: student"
245,30,female,student,"Age: 30
Gender: female
Occupation: student"
239,49,male,programmer,"Age: 49
Gender: male
Occupation: programmer"
173,13,male,other,"Age: 13
Gender: male
Occupation: other"
259,42,male,technician,"Age: 42
Gender: male
Occupation: technician"
170,53,male,programmer,"Age: 53
Gender: male
Occupation: programmer"
77,31,male,entertainment,"Age: 31
Gender: male
Occupation: entertainment"
235,45,male,artist,"Age: 45
Gender: male
Occupation: artist"
276,40,female,librarian,"Age: 40
Gender: female
Occupation: librarian"
126,33,male,engineer,"Age: 33
Gender: male
Occupation: engineer"
252,35,female,marketing,"Age: 35
Gender: female
Occupation: marketing"
223,20,female,artist,"Age: 20
Gender: female
Occupation: artist"
130,38,female,administrator,"Age: 38
Gender: female
Occupation: administrator"
208,33,female,educator,"Age: 33
Gender: female
Occupation: educator"
257,25,male,student,"Age: 25
Gender: male
Occupation: student"
157,25,male,student,"Age: 25
Gender: male
Occupation: student"
107,32,female,other,"Age: 32
Gender: female
Occupation: other"
237,25,male,educator,"Age: 25
Gender: male
Occupation: educator"
35,57,male,engineer,"Age: 57
Gender: male
Occupation: engineer"
152,50,male,educator,"Age: 50
Gender: male
Occupation: educator"
234,23,female,student,"Age: 23
Gender: female
Occupation: student"
29,27,male,programmer,"Age: 27
Gender: male
Occupation: programmer"
125,50,male,lawyer,"Age: 50
Gender: male
Occupation: lawyer"
75,25,male,artist,"Age: 25
Gender: male
Occupation: artist"
324,49,male,administrator,"Age: 49
Gender: male
Occupation: administrator"
197,47,male,healthcare,"Age: 47
Gender: male
Occupation: healthcare"
228,20,female,other,"Age: 20
Gender: female
Occupation: other"
5,47,male,educator,"Age: 47
Gender: male
Occupation: educator"
22,37,male,other,"Age: 37
Gender: male
Occupation: other"
87,48,male,other,"Age: 48
Gender: male
Occupation: other"
332,52,female,other,"Age: 52
Gender: female
Occupation: other"
161,53,female,healthcare,"Age: 53
Gender: female
Occupation: healthcare"
217,48,female,educator,"Age: 48
Gender: female
Occupation: educator"
109,55,male,marketing,"Age: 55
Gender: male
Occupation: marketing"
221,56,male,other,"Age: 56
Gender: male
Occupation: other"
98,30,female,administrator,"Age: 30
Gender: female
Occupation: administrator"
256,26,female,scientist,"Age: 26
Gender: female
Occupation: scientist"
253,28,male,scientist,"Age: 28
Gender: male
Occupation: scientist"
174,20,male,programmer,"Age: 20
Gender: male
Occupation: programmer"
48,26,male,other,"Age: 26
Gender: male
Occupation: other"
267,15,male,entertainment,"Age: 15
Gender: male
Occupation: entertainment"
179,22,female,administrator,"Age: 22
Gender: female
Occupation: administrator"
36,26,male,executive,"Age: 26
Gender: male
Occupation: executive"
199,36,male,programmer,"Age: 36
Gender: male
Occupation: programmer"
313,33,male,scientist,"Age: 33
Gender: male
Occupation: scientist"
163,37,male,librarian,"Age: 37
Gender: male
Occupation: librarian"
222,53,female,librarian,"Age: 53
Gender: female
Occupation: librarian"
2,39,female,executive,"Age: 39
Gender: female
Occupation: executive"
160,26,male,educator,"Age: 26
Gender: male
Occupation: educator"
225,42,male,student,"Age: 42
Gender: male
Occupation: student"
64,32,male,artist,"Age: 32
Gender: male
Occupation: artist"
246,30,male,administrator,"Age: 30
Gender: male
Occupation: administrator"
171,33,male,administrator,"Age: 33
Gender: male
Occupation: administrator"
142,42,male,educator,"Age: 42
Gender: male
Occupation: educator"
146,29,male,student,"Age: 29
Gender: male
Occupation: student"
18,38,male,administrator,"Age: 38
Gender: male
Occupation: administrator"
240,42,male,scientist,"Age: 42
Gender: male
Occupation: scientist"
1,49,male,writer,"Age: 49
Gender: male
Occupation: writer"
177,55,male,technician,"Age: 55
Gender: male
Occupation: technician"
86,21,female,student,"Age: 21
Gender: female
Occupation: student"
260,30,male,writer,"Age: 30
Gender: male
Occupation: writer"
13,40,male,programmer,"Age: 40
Gender: male
Occupation: programmer"
42,27,male,writer,"Age: 27
Gender: male
Occupation: writer"
261,41,female,educator,"Age: 41
Gender: female
Occupation: educator"
175,25,female,student,"Age: 25
Gender: female
Occupation: student"
281,52,female,librarian,"Age: 52
Gender: female
Occupation: librarian"
231,47,male,lawyer,"Age: 47
Gender: male
Occupation: lawyer"
263,14,female,student,"Age: 14
Gender: female
Occupation: student"
122,39,male,marketing,"Age: 39
Gender: male
Occupation: marketing"
229,43,male,engineer,"Age: 43
Gender: male
Occupation: engineer"
291,33,female,educator,"Age: 33
Gender: female
Occupation: educator"
14,39,male,engineer,"Age: 39
Gender: male
Occupation: engineer"
303,66,male,salesman,"Age: 66
Gender: male
Occupation: salesman"
273,49,female,educator,"Age: 49
Gender: female
Occupation: educator"
104,33,male,executive,"Age: 33
Gender: male
Occupation: executive"
141,26,female,librarian,"Age: 26
Gender: female
Occupation: librarian"
166,35,male,programmer,"Age: 35
Gender: male
Occupation: programmer"
82,22,male,engineer,"Age: 22
Gender: male
Occupation: engineer"
209,22,male,other,"Age: 22
Gender: male
Occupation: other"
150,37,male,administrator,"Age: 37
Gender: male
Occupation: administrator"
149,32,male,programmer,"Age: 32
Gender: male
Occupation: programmer"
258,30,male,librarian,"Age: 30
Gender: male
Occupation: librarian"
195,19,male,student,"Age: 19
Gender: male
Occupation: student"
71,29,male,programmer,"Age: 29
Gender: male
Occupation: programmer"
63,19,female,student,"Age: 19
Gender: female
Occupation: student"
15,31,female,educator,"Age: 31
Gender: female
Occupation: educator"
32,51,female,administrator,"Age: 51
Gender: female
Occupation: administrator"
219,28,male,student,"Age: 28
Gender: male
Occupation: student"
271,46,male,executive,"Age: 46
Gender: male
Occupation: executive"
308,21,female,student,"Age: 21
Gender: female
Occupation: student"
135,29,female,librarian,"Age: 29
Gender: female
Occupation: librarian"
203,28,female,student,"Age: 28
Gender: female
Occupation: student"
205,48,male,librarian,"Age: 48
Gender: male
Occupation: librarian"
123,45,male,scientist,"Age: 45
Gender: male
Occupation: scientist"
140,38,male,engineer,"Age: 38
Gender: male
Occupation: engineer"
20,60,male,retired,"Age: 60
Gender: male
Occupation: retired"
196,37,male,educator,"Age: 37
Gender: male
Occupation: educator"
180,44,female,writer,"Age: 44
Gender: female
Occupation: writer"
90,49,male,administrator,"Age: 49
Gender: male
Occupation: administrator"
299,42,female,administrator,"Age: 42
Gender: female
Occupation: administrator"
185,39,male,artist,"Age: 39
Gender: male
Occupation: artist"
169,23,female,educator,"Age: 23
Gender: female
Occupation: educator"
67,26,female,student,"Age: 26
Gender: female
Occupation: student"
45,33,male,educator,"Age: 33
Gender: male
Occupation: educator"
65,33,male,educator,"Age: 33
Gender: male
Occupation: educator"
4,28,male,technician,"Age: 28
Gender: male
Occupation: technician"
212,22,male,student,"Age: 22
Gender: male
Occupation: student"
44,19,male,student,"Age: 19
Gender: male
Occupation: student"
295,28,male,engineer,"Age: 28
Gender: male
Occupation: engineer"
232,25,male,student,"Age: 25
Gender: male
Occupation: student"
46,25,male,student,"Age: 25
Gender: male
Occupation: student"
83,29,male,executive,"Age: 29
Gender: male
Occupation: executive"
49,28,male,doctor,"Age: 28
Gender: male
Occupation: doctor"
272,42,male,engineer,"Age: 42
Gender: male
Occupation: engineer"
8,26,female,librarian,"Age: 26
Gender: female
Occupation: librarian"
68,44,male,educator,"Age: 44
Gender: male
Occupation: educator"
243,23,male,entertainment,"Age: 23
Gender: male
Occupation: entertainment"
118,35,female,none,"Age: 35
Gender: female
Occupation: none"
189,17,male,student,"Age: 17
Gender: male
Occupation: student"
307,19,female,student,"Age: 19
Gender: female
Occupation: student"
102,21,male,student,"Age: 21
Gender: male
Occupation: student"
51,40,female,artist,"Age: 40
Gender: female
Occupation: artist"
292,28,male,administrator,"Age: 28
Gender: male
Occupation: administrator"
97,19,female,student,"Age: 19
Gender: female
Occupation: student"
181,41,male,programmer,"Age: 41
Gender: male
Occupation: programmer"
94,36,female,writer,"Age: 36
Gender: female
Occupation: writer"
85,26,male,executive,"Age: 26
Gender: male
Occupation: executive"
297,62,female,administrator,"Age: 62
Gender: female
Occupation: administrator"
72,23,male,engineer,"Age: 23
Gender: male
Occupation: engineer"
111,24,male,engineer,"Age: 24
Gender: male
Occupation: engineer"
101,31,female,librarian,"Age: 31
Gender: female
Occupation: librarian"
159,18,female,student,"Age: 18
Gender: female
Occupation: student"
84,51,male,engineer,"Age: 51
Gender: male
Occupation: engineer"
129,33,male,scientist,"Age: 33
Gender: male
Occupation: scientist"
345,50,female,other,"Age: 50
Gender: female
Occupation: other"
224,20,female,student,"Age: 20
Gender: female
Occupation: student"
148,38,male,engineer,"Age: 38
Gender: male
Occupation: engineer"
38,21,male,student,"Age: 21
Gender: male
Occupation: student"
262,35,female,administrator,"Age: 35
Gender: female
Occupation: administrator"
37,37,female,librarian,"Age: 37
Gender: female
Occupation: librarian"
76,33,male,programmer,"Age: 33
Gender: male
Occupation: programmer"
206,30,female,librarian,"Age: 30
Gender: female
Occupation: librarian"
198,15,female,student,"Age: 15
Gender: female
Occupation: student"
213,22,male,administrator,"Age: 22
Gender: male
Occupation: administrator"
216,28,male,programmer,"Age: 28
Gender: male
Occupation: programmer"
41,40,male,executive,"Age: 40
Gender: male
Occupation: executive"
191,25,male,programmer,"Age: 25
Gender: male
Occupation: programmer"
12,27,male,student,"Age: 27
Gender: male
Occupation: student"
43,21,male,salesman,"Age: 21
Gender: male
Occupation: salesman"
207,34,male,marketing,"Age: 34
Gender: male
Occupation: marketing"
290,11,male,none,"Age: 11
Gender: male
Occupation: none"
33,40,male,engineer,"Age: 40
Gender: male
Occupation: engineer"
19,19,male,student,"Age: 19
Gender: male
Occupation: student"
57,35,female,programmer,"Age: 35
Gender: female
Occupation: programmer"
69,24,male,writer,"Age: 24
Gender: male
Occupation: writer"
134,34,male,technician,"Age: 34
Gender: male
Occupation: technician"
139,31,male,educator,"Age: 31
Gender: male
Occupation: educator"
155,43,female,administrator,"Age: 43
Gender: female
Occupation: administrator"
145,29,female,educator,"Age: 29
Gender: female
Occupation: educator"
6,44,male,executive,"Age: 44
Gender: male
Occupation: executive"
23,29,male,doctor,"Age: 29
Gender: male
Occupation: doctor"
323,26,female,programmer,"Age: 26
Gender: female
Occupation: programmer"
31,24,male,student,"Age: 24
Gender: male
Occupation: student"
153,42,male,educator,"Age: 42
Gender: male
Occupation: educator"
16,19,male,student,"Age: 19
Gender: male
Occupation: student"
269,22,female,student,"Age: 22
Gender: female
Occupation: student"
9,23,male,programmer,"Age: 23
Gender: male
Occupation: programmer"
220,45,male,other,"Age: 45
Gender: male
Occupation: other"
144,25,male,student,"Age: 25
Gender: male
Occupation: student"
24,60,male,retired,"Age: 60
Gender: male
Occupation: retired"
335,40,male,scientist,"Age: 40
Gender: male
Occupation: scientist"
274,37,male,educator,"Age: 37
Gender: male
Occupation: educator"
227,32,male,technician,"Age: 32
Gender: male
Occupation: technician"
255,48,male,other,"Age: 48
Gender: male
Occupation: other"
249,41,male,marketing,"Age: 41
Gender: male
Occupation: marketing"
265,20,female,student,"Age: 20
Gender: female
Occupation: student"
282,31,male,educator,"Age: 31
Gender: male
Occupation: educator"
284,43,female,other,"Age: 43
Gender: female
Occupation: other"
338,22,male,administrator,"Age: 22
Gender: male
Occupation: administrator"
286,65,male,retired,"Age: 65
Gender: male
Occupation: retired"
300,38,male,programmer,"Age: 38
Gender: male
Occupation: programmer"
310,19,male,student,"Age: 19
Gender: male
Occupation: student"
296,49,female,educator,"Age: 49
Gender: female
Occupation: educator"
315,20,male,student,"Age: 20
Gender: male
Occupation: student"
301,21,male,student,"Age: 21
Gender: male
Occupation: student"
328,21,female,student,"Age: 21
Gender: female
Occupation: student"
309,48,male,technician,"Age: 48
Gender: male
Occupation: technician"
311,41,male,administrator,"Age: 41
Gender: male
Occupation: administrator"
312,22,male,student,"Age: 22
Gender: male
Occupation: student"
314,51,male,administrator,"Age: 51
Gender: male
Occupation: administrator"
320,48,male,educator,"Age: 48
Gender: male
Occupation: educator"
316,35,female,educator,"Age: 35
Gender: female
Occupation: educator"
318,33,male,entertainment,"Age: 33
Gender: male
Occupation: entertainment"
319,20,male,student,"Age: 20
Gender: male
Occupation: student"
325,47,male,other,"Age: 47
Gender: male
Occupation: other"
326,32,male,librarian,"Age: 32
Gender: male
Occupation: librarian"
331,45,male,executive,"Age: 45
Gender: male
Occupation: executive"
330,23,male,salesman,"Age: 23
Gender: male
Occupation: salesman"
369,37,male,scientist,"Age: 37
Gender: male
Occupation: scientist"
333,39,female,librarian,"Age: 39
Gender: female
Occupation: librarian"
334,35,male,lawyer,"Age: 35
Gender: male
Occupation: lawyer"
337,46,male,engineer,"Age: 46
Gender: male
Occupation: engineer"
339,17,female,student,"Age: 17
Gender: female
Occupation: student"
336,25,female,other,"Age: 25
Gender: female
Occupation: other"
340,43,male,engineer,"Age: 43
Gender: male
Occupation: engineer"
341,30,female,librarian,"Age: 30
Gender: female
Occupation: librarian"
342,28,female,librarian,"Age: 28
Gender: female
Occupation: librarian"
343,34,male,other,"Age: 34
Gender: male
Occupation: other"
344,18,male,student,"Age: 18
Gender: male
Occupation: student"
348,24,female,student,"Age: 24
Gender: female
Occupation: student"
347,68,male,retired,"Age: 68
Gender: male
Occupation: retired"
361,32,male,student,"Age: 32
Gender: male
Occupation: student"
350,61,male,educator,"Age: 61
Gender: male
Occupation: educator"
352,37,female,programmer,"Age: 37
Gender: female
Occupation: programmer"
401,25,male,scientist,"Age: 25
Gender: male
Occupation: scientist"
349,29,female,librarian,"Age: 29
Gender: female
Occupation: librarian"
355,25,male,student,"Age: 25
Gender: male
Occupation: student"
358,32,female,homemaker,"Age: 32
Gender: female
Occupation: homemaker"
357,26,male,executive,"Age: 26
Gender: male
Occupation: executive"
351,40,male,educator,"Age: 40
Gender: male
Occupation: educator"
374,22,male,student,"Age: 22
Gender: male
Occupation: student"
353,51,male,other,"Age: 51
Gender: male
Occupation: other"
359,22,male,student,"Age: 22
Gender: male
Occupation: student"
356,35,female,homemaker,"Age: 35
Gender: female
Occupation: homemaker"
354,20,male,student,"Age: 20
Gender: male
Occupation: student"
381,63,male,engineer,"Age: 63
Gender: male
Occupation: engineer"
360,29,male,lawyer,"Age: 29
Gender: male
Occupation: lawyer"
371,20,female,student,"Age: 20
Gender: female
Occupation: student"
362,17,male,student,"Age: 17
Gender: male
Occupation: student"
363,18,male,student,"Age: 18
Gender: male
Occupation: student"
382,24,male,student,"Age: 24
Gender: male
Occupation: student"
366,52,male,writer,"Age: 52
Gender: male
Occupation: writer"
364,36,male,engineer,"Age: 36
Gender: male
Occupation: engineer"
368,25,female,student,"Age: 25
Gender: female
Occupation: student"
365,24,female,other,"Age: 24
Gender: female
Occupation: other"
367,36,male,executive,"Age: 36
Gender: male
Occupation: executive"
373,17,male,entertainment,"Age: 17
Gender: male
Occupation: entertainment"
390,28,female,other,"Age: 28
Gender: female
Occupation: other"
372,22,male,student,"Age: 22
Gender: male
Occupation: student"
370,35,male,student,"Age: 35
Gender: male
Occupation: student"
375,44,male,programmer,"Age: 44
Gender: male
Occupation: programmer"
376,32,male,engineer,"Age: 32
Gender: male
Occupation: engineer"
377,33,male,artist,"Age: 33
Gender: male
Occupation: artist"
379,45,male,engineer,"Age: 45
Gender: male
Occupation: engineer"
386,42,male,administrator,"Age: 42
Gender: male
Occupation: administrator"
399,52,male,programmer,"Age: 52
Gender: male
Occupation: programmer"
378,36,male,writer,"Age: 36
Gender: male
Occupation: writer"
384,36,male,salesman,"Age: 36
Gender: male
Occupation: salesman"
380,33,male,entertainment,"Age: 33
Gender: male
Occupation: entertainment"
383,31,male,other,"Age: 31
Gender: male
Occupation: other"
385,44,female,writer,"Age: 44
Gender: female
Occupation: writer"
387,42,female,writer,"Age: 42
Gender: female
Occupation: writer"
392,23,male,student,"Age: 23
Gender: male
Occupation: student"
389,52,male,writer,"Age: 52
Gender: male
Occupation: writer"
388,19,male,student,"Age: 19
Gender: male
Occupation: student"
391,25,male,administrator,"Age: 25
Gender: male
Occupation: administrator"
400,43,male,other,"Age: 43
Gender: male
Occupation: other"
396,57,male,engineer,"Age: 57
Gender: male
Occupation: engineer"
394,17,male,student,"Age: 17
Gender: male
Occupation: student"
393,40,male,other,"Age: 40
Gender: male
Occupation: other"
395,25,male,other,"Age: 25
Gender: male
Occupation: other"
404,33,female,administrator,"Age: 33
Gender: female
Occupation: administrator"
397,46,female,healthcare,"Age: 46
Gender: female
Occupation: healthcare"
398,30,male,engineer,"Age: 30
Gender: male
Occupation: engineer"
402,37,male,other,"Age: 37
Gender: male
Occupation: other"
408,29,female,programmer,"Age: 29
Gender: female
Occupation: programmer"
403,22,female,healthcare,"Age: 22
Gender: female
Occupation: healthcare"
405,52,male,educator,"Age: 52
Gender: male
Occupation: educator"
406,29,male,engineer,"Age: 29
Gender: male
Occupation: engineer"
411,23,male,student,"Age: 23
Gender: male
Occupation: student"
407,48,male,administrator,"Age: 48
Gender: male
Occupation: administrator"
412,30,female,artist,"Age: 30
Gender: female
Occupation: artist"
413,34,male,educator,"Age: 34
Gender: male
Occupation: educator"
415,25,male,educator,"Age: 25
Gender: male
Occupation: educator"
409,55,male,educator,"Age: 55
Gender: male
Occupation: educator"
450,24,male,programmer,"Age: 24
Gender: male
Occupation: programmer"
420,39,male,educator,"Age: 39
Gender: male
Occupation: educator"
410,20,female,student,"Age: 20
Gender: female
Occupation: student"
414,27,female,other,"Age: 27
Gender: female
Occupation: other"
425,55,female,none,"Age: 55
Gender: female
Occupation: none"
419,37,male,lawyer,"Age: 37
Gender: male
Occupation: lawyer"
416,53,male,educator,"Age: 53
Gender: male
Occupation: educator"
428,38,female,programmer,"Age: 38
Gender: female
Occupation: programmer"
417,26,male,entertainment,"Age: 26
Gender: male
Occupation: entertainment"
421,64,male,other,"Age: 64
Gender: male
Occupation: other"
426,36,female,marketing,"Age: 36
Gender: female
Occupation: marketing"
418,19,male,student,"Age: 19
Gender: male
Occupation: student"
431,55,male,educator,"Age: 55
Gender: male
Occupation: educator"
424,51,male,doctor,"Age: 51
Gender: male
Occupation: doctor"
423,28,male,student,"Age: 28
Gender: male
Occupation: student"
422,27,male,student,"Age: 27
Gender: male
Occupation: student"
433,38,male,scientist,"Age: 38
Gender: male
Occupation: scientist"
437,24,male,marketing,"Age: 24
Gender: male
Occupation: marketing"
427,22,male,entertainment,"Age: 22
Gender: male
Occupation: entertainment"
430,27,male,artist,"Age: 27
Gender: male
Occupation: artist"
434,16,female,student,"Age: 16
Gender: female
Occupation: student"
429,24,male,engineer,"Age: 24
Gender: male
Occupation: engineer"
432,30,female,administrator,"Age: 30
Gender: female
Occupation: administrator"
435,27,female,other,"Age: 27
Gender: female
Occupation: other"
436,51,female,administrator,"Age: 51
Gender: female
Occupation: administrator"
445,23,female,administrator,"Age: 23
Gender: female
Occupation: administrator"
439,30,male,other,"Age: 30
Gender: male
Occupation: other"
476,50,male,technician,"Age: 50
Gender: male
Occupation: technician"
438,22,male,student,"Age: 22
Gender: male
Occupation: student"
503,35,male,salesman,"Age: 35
Gender: male
Occupation: salesman"
452,51,female,lawyer,"Age: 51
Gender: female
Occupation: lawyer"
440,21,male,writer,"Age: 21
Gender: male
Occupation: writer"
444,57,male,educator,"Age: 57
Gender: male
Occupation: educator"
441,30,male,administrator,"Age: 30
Gender: male
Occupation: administrator"
453,23,male,entertainment,"Age: 23
Gender: male
Occupation: entertainment"
442,23,male,librarian,"Age: 23
Gender: male
Occupation: librarian"
443,35,female,educator,"Age: 35
Gender: female
Occupation: educator"
446,16,male,student,"Age: 16
Gender: male
Occupation: student"
447,35,male,administrator,"Age: 35
Gender: male
Occupation: administrator"
449,18,male,student,"Age: 18
Gender: male
Occupation: student"
448,57,male,other,"Age: 57
Gender: male
Occupation: other"
451,48,male,administrator,"Age: 48
Gender: male
Occupation: administrator"
455,24,male,technician,"Age: 24
Gender: male
Occupation: technician"
454,33,female,salesman,"Age: 33
Gender: female
Occupation: salesman"
456,47,male,technician,"Age: 47
Gender: male
Occupation: technician"
458,22,male,student,"Age: 22
Gender: male
Occupation: student"
459,44,female,other,"Age: 44
Gender: female
Occupation: other"
460,15,male,student,"Age: 15
Gender: male
Occupation: student"
457,19,female,student,"Age: 19
Gender: female
Occupation: student"
466,48,female,healthcare,"Age: 48
Gender: female
Occupation: healthcare"
470,60,male,writer,"Age: 60
Gender: male
Occupation: writer"
465,32,male,other,"Age: 32
Gender: male
Occupation: other"
463,22,male,student,"Age: 22
Gender: male
Occupation: student"
461,29,male,engineer,"Age: 29
Gender: male
Occupation: engineer"
462,28,male,engineer,"Age: 28
Gender: male
Occupation: engineer"
469,60,male,educator,"Age: 60
Gender: male
Occupation: educator"
474,24,male,programmer,"Age: 24
Gender: male
Occupation: programmer"
467,10,male,student,"Age: 10
Gender: male
Occupation: student"
464,24,male,student,"Age: 24
Gender: male
Occupation: student"
473,29,male,student,"Age: 29
Gender: male
Occupation: student"
468,51,male,executive,"Age: 51
Gender: male
Occupation: executive"
511,30,male,programmer,"Age: 30
Gender: male
Occupation: programmer"
471,28,male,student,"Age: 28
Gender: male
Occupation: student"
491,23,female,student,"Age: 23
Gender: female
Occupation: student"
472,29,male,other,"Age: 29
Gender: male
Occupation: other"
477,30,male,educator,"Age: 30
Gender: male
Occupation: educator"
475,57,male,retired,"Age: 57
Gender: male
Occupation: retired"
482,73,male,retired,"Age: 73
Gender: male
Occupation: retired"
481,18,female,student,"Age: 18
Gender: female
Occupation: student"
486,29,male,scientist,"Age: 29
Gender: male
Occupation: scientist"
478,27,male,student,"Age: 27
Gender: male
Occupation: student"
529,44,female,educator,"Age: 44
Gender: female
Occupation: educator"
479,39,male,educator,"Age: 39
Gender: male
Occupation: educator"
480,22,male,engineer,"Age: 22
Gender: male
Occupation: engineer"
493,48,male,technician,"Age: 48
Gender: male
Occupation: technician"
487,55,male,other,"Age: 55
Gender: male
Occupation: other"
485,29,female,artist,"Age: 29
Gender: female
Occupation: artist"
496,43,female,writer,"Age: 43
Gender: female
Occupation: writer"
483,57,male,educator,"Age: 57
Gender: male
Occupation: educator"
484,22,male,engineer,"Age: 22
Gender: male
Occupation: engineer"
489,38,female,administrator,"Age: 38
Gender: female
Occupation: administrator"
490,29,male,engineer,"Age: 29
Gender: male
Occupation: engineer"
488,21,female,student,"Age: 21
Gender: female
Occupation: student"
492,20,male,student,"Age: 20
Gender: male
Occupation: student"
494,26,male,writer,"Age: 26
Gender: male
Occupation: writer"
495,42,male,programmer,"Age: 42
Gender: male
Occupation: programmer"
497,28,male,administrator,"Age: 28
Gender: male
Occupation: administrator"
518,22,male,student,"Age: 22
Gender: male
Occupation: student"
498,22,male,student,"Age: 22
Gender: male
Occupation: student"
499,50,female,writer,"Age: 50
Gender: female
Occupation: writer"
500,40,female,writer,"Age: 40
Gender: female
Occupation: writer"
501,27,female,other,"Age: 27
Gender: female
Occupation: other"
502,46,male,programmer,"Age: 46
Gender: male
Occupation: programmer"
504,18,female,writer,"Age: 18
Gender: female
Occupation: writer"
506,27,male,marketing,"Age: 27
Gender: male
Occupation: marketing"
514,23,male,administrator,"Age: 23
Gender: male
Occupation: administrator"
516,34,male,other,"Age: 34
Gender: male
Occupation: other"
507,22,male,student,"Age: 22
Gender: male
Occupation: student"
509,29,male,other,"Age: 29
Gender: male
Occupation: other"
510,43,male,administrator,"Age: 43
Gender: male
Occupation: administrator"
505,27,male,programmer,"Age: 27
Gender: male
Occupation: programmer"
508,53,male,marketing,"Age: 53
Gender: male
Occupation: marketing"
515,53,female,librarian,"Age: 53
Gender: female
Occupation: librarian"
527,24,male,student,"Age: 24
Gender: male
Occupation: student"
513,49,female,writer,"Age: 49
Gender: female
Occupation: writer"
530,22,male,other,"Age: 22
Gender: male
Occupation: other"
521,62,male,healthcare,"Age: 62
Gender: male
Occupation: healthcare"
520,19,male,student,"Age: 19
Gender: male
Occupation: student"
546,36,male,engineer,"Age: 36
Gender: male
Occupation: engineer"
512,50,female,administrator,"Age: 50
Gender: female
Occupation: administrator"
517,56,male,educator,"Age: 56
Gender: male
Occupation: educator"
519,27,female,administrator,"Age: 27
Gender: female
Occupation: administrator"
534,30,male,marketing,"Age: 30
Gender: male
Occupation: marketing"
528,33,male,librarian,"Age: 33
Gender: male
Occupation: librarian"
522,18,male,student,"Age: 18
Gender: male
Occupation: student"
526,47,female,administrator,"Age: 47
Gender: female
Occupation: administrator"
524,29,male,engineer,"Age: 29
Gender: male
Occupation: engineer"
525,30,female,salesman,"Age: 30
Gender: female
Occupation: salesman"
523,20,male,student,"Age: 20
Gender: male
Occupation: student"
531,43,male,librarian,"Age: 43
Gender: male
Occupation: librarian"
536,20,male,student,"Age: 20
Gender: male
Occupation: student"
532,45,female,educator,"Age: 45
Gender: female
Occupation: educator"
533,38,male,engineer,"Age: 38
Gender: male
Occupation: engineer"
535,36,male,engineer,"Age: 36
Gender: male
Occupation: engineer"
538,31,male,scientist,"Age: 31
Gender: male
Occupation: scientist"
541,53,female,administrator,"Age: 53
Gender: female
Occupation: administrator"
551,28,male,engineer,"Age: 28
Gender: male
Occupation: engineer"
537,19,female,student,"Age: 19
Gender: female
Occupation: student"
539,21,male,student,"Age: 21
Gender: male
Occupation: student"
543,33,male,scientist,"Age: 33
Gender: male
Occupation: scientist"
548,44,female,other,"Age: 44
Gender: female
Occupation: other"
540,27,male,technician,"Age: 27
Gender: male
Occupation: technician"
545,36,male,executive,"Age: 36
Gender: male
Occupation: executive"
542,50,male,educator,"Age: 50
Gender: male
Occupation: educator"
544,51,male,writer,"Age: 51
Gender: male
Occupation: writer"
565,42,male,scientist,"Age: 42
Gender: male
Occupation: scientist"
553,16,female,student,"Age: 16
Gender: female
Occupation: student"
547,25,male,programmer,"Age: 25
Gender: male
Occupation: programmer"
550,45,male,other,"Age: 45
Gender: male
Occupation: other"
549,58,male,educator,"Age: 58
Gender: male
Occupation: educator"
552,32,male,scientist,"Age: 32
Gender: male
Occupation: scientist"
573,29,female,educator,"Age: 29
Gender: female
Occupation: educator"
554,35,female,educator,"Age: 35
Gender: female
Occupation: educator"
560,30,female,writer,"Age: 30
Gender: female
Occupation: writer"
561,56,female,writer,"Age: 56
Gender: female
Occupation: writer"
555,69,male,executive,"Age: 69
Gender: male
Occupation: executive"
556,32,male,student,"Age: 32
Gender: male
Occupation: student"
557,23,male,engineer,"Age: 23
Gender: male
Occupation: engineer"
568,54,female,administrator,"Age: 54
Gender: female
Occupation: administrator"
558,39,female,librarian,"Age: 39
Gender: female
Occupation: librarian"
562,65,male,retired,"Age: 65
Gender: male
Occupation: retired"
563,40,male,student,"Age: 40
Gender: male
Occupation: student"
559,20,male,student,"Age: 20
Gender: male
Occupation: student"
566,24,male,entertainment,"Age: 24
Gender: male
Occupation: entertainment"
579,39,male,educator,"Age: 39
Gender: male
Occupation: educator"
567,34,male,educator,"Age: 34
Gender: male
Occupation: educator"
591,26,male,educator,"Age: 26
Gender: male
Occupation: educator"
615,34,male,artist,"Age: 34
Gender: male
Occupation: artist"
574,51,male,educator,"Age: 51
Gender: male
Occupation: educator"
564,68,male,retired,"Age: 68
Gender: male
Occupation: retired"
572,56,male,educator,"Age: 56
Gender: male
Occupation: educator"
575,33,male,marketing,"Age: 33
Gender: male
Occupation: marketing"
569,48,male,executive,"Age: 48
Gender: male
Occupation: executive"
570,36,female,student,"Age: 36
Gender: female
Occupation: student"
596,31,male,administrator,"Age: 31
Gender: male
Occupation: administrator"
571,32,male,educator,"Age: 32
Gender: male
Occupation: educator"
585,16,male,student,"Age: 16
Gender: male
Occupation: student"
583,37,male,other,"Age: 37
Gender: male
Occupation: other"
581,17,male,student,"Age: 17
Gender: male
Occupation: student"
589,44,male,engineer,"Age: 44
Gender: male
Occupation: engineer"
576,25,male,student,"Age: 25
Gender: male
Occupation: student"
587,69,male,librarian,"Age: 69
Gender: male
Occupation: librarian"
580,20,male,student,"Age: 20
Gender: male
Occupation: student"
578,26,male,other,"Age: 26
Gender: male
Occupation: other"
577,18,female,student,"Age: 18
Gender: female
Occupation: student"
593,21,male,lawyer,"Age: 21
Gender: male
Occupation: lawyer"
586,50,male,educator,"Age: 50
Gender: male
Occupation: educator"
582,57,female,librarian,"Age: 57
Gender: female
Occupation: librarian"
584,18,male,student,"Age: 18
Gender: male
Occupation: student"
588,31,female,educator,"Age: 31
Gender: female
Occupation: educator"
594,46,male,educator,"Age: 46
Gender: male
Occupation: educator"
602,25,male,programmer,"Age: 25
Gender: male
Occupation: programmer"
590,20,male,artist,"Age: 20
Gender: male
Occupation: artist"
595,23,male,other,"Age: 23
Gender: male
Occupation: other"
639,40,female,marketing,"Age: 40
Gender: female
Occupation: marketing"
592,22,female,student,"Age: 22
Gender: female
Occupation: student"
599,34,male,programmer,"Age: 34
Gender: male
Occupation: programmer"
597,19,female,artist,"Age: 19
Gender: female
Occupation: artist"
598,47,female,other,"Age: 47
Gender: female
Occupation: other"
601,21,male,programmer,"Age: 21
Gender: male
Occupation: programmer"
620,39,male,educator,"Age: 39
Gender: male
Occupation: educator"
600,33,male,engineer,"Age: 33
Gender: male
Occupation: engineer"
603,28,male,programmer,"Age: 28
Gender: male
Occupation: programmer"
605,49,female,healthcare,"Age: 49
Gender: female
Occupation: healthcare"
604,22,male,other,"Age: 22
Gender: male
Occupation: other"
611,13,female,student,"Age: 13
Gender: female
Occupation: student"
606,22,male,student,"Age: 22
Gender: male
Occupation: student"
607,46,male,librarian,"Age: 46
Gender: male
Occupation: librarian"
622,36,male,educator,"Age: 36
Gender: male
Occupation: educator"
617,37,female,marketing,"Age: 37
Gender: female
Occupation: marketing"
610,54,male,educator,"Age: 54
Gender: male
Occupation: educator"
612,38,male,educator,"Age: 38
Gender: male
Occupation: educator"
613,55,male,scientist,"Age: 55
Gender: male
Occupation: scientist"
608,27,female,writer,"Age: 27
Gender: female
Occupation: writer"
609,15,female,student,"Age: 15
Gender: female
Occupation: student"
616,17,male,student,"Age: 17
Gender: male
Occupation: student"
614,18,female,writer,"Age: 18
Gender: female
Occupation: writer"
619,17,male,student,"Age: 17
Gender: male
Occupation: student"
618,25,male,programmer,"Age: 25
Gender: male
Occupation: programmer"
624,50,female,educator,"Age: 50
Gender: female
Occupation: educator"
621,19,male,student,"Age: 19
Gender: male
Occupation: student"
626,27,male,programmer,"Age: 27
Gender: male
Occupation: programmer"
637,23,male,scientist,"Age: 23
Gender: male
Occupation: scientist"
623,24,male,engineer,"Age: 24
Gender: male
Occupation: engineer"
625,13,male,none,"Age: 13
Gender: male
Occupation: none"
627,46,female,other,"Age: 46
Gender: female
Occupation: other"
633,26,female,healthcare,"Age: 26
Gender: female
Occupation: healthcare"
630,18,female,student,"Age: 18
Gender: female
Occupation: student"
629,18,male,student,"Age: 18
Gender: male
Occupation: student"
628,35,male,programmer,"Age: 35
Gender: male
Occupation: programmer"
631,39,male,engineer,"Age: 39
Gender: male
Occupation: engineer"
641,22,male,other,"Age: 22
Gender: male
Occupation: other"
643,47,male,educator,"Age: 47
Gender: male
Occupation: educator"
635,30,male,other,"Age: 30
Gender: male
Occupation: other"
640,45,male,engineer,"Age: 45
Gender: male
Occupation: engineer"
632,42,female,librarian,"Age: 42
Gender: female
Occupation: librarian"
636,20,male,student,"Age: 20
Gender: male
Occupation: student"
666,24,male,student,"Age: 24
Gender: male
Occupation: student"
634,18,female,student,"Age: 18
Gender: female
Occupation: student"
638,39,male,scientist,"Age: 39
Gender: male
Occupation: scientist"
642,51,male,retired,"Age: 51
Gender: male
Occupation: retired"
644,27,male,programmer,"Age: 27
Gender: male
Occupation: programmer"
657,17,female,student,"Age: 17
Gender: female
Occupation: student"
646,40,male,educator,"Age: 40
Gender: male
Occupation: educator"
645,43,male,engineer,"Age: 43
Gender: male
Occupation: engineer"
652,20,male,student,"Age: 20
Gender: male
Occupation: student"
647,42,male,engineer,"Age: 42
Gender: male
Occupation: engineer"
648,65,male,retired,"Age: 65
Gender: male
Occupation: retired"
673,35,male,other,"Age: 35
Gender: male
Occupation: other"
650,31,male,executive,"Age: 31
Gender: male
Occupation: executive"
649,27,female,student,"Age: 27
Gender: female
Occupation: student"
651,50,female,healthcare,"Age: 50
Gender: female
Occupation: healthcare"
654,48,male,educator,"Age: 48
Gender: male
Occupation: educator"
660,26,female,none,"Age: 26
Gender: female
Occupation: none"
653,33,male,programmer,"Age: 33
Gender: male
Occupation: programmer"
656,31,male,educator,"Age: 31
Gender: male
Occupation: educator"
655,26,male,student,"Age: 26
Gender: male
Occupation: student"
663,28,male,programmer,"Age: 28
Gender: male
Occupation: programmer"
664,55,male,librarian,"Age: 55
Gender: male
Occupation: librarian"
658,26,male,other,"Age: 26
Gender: male
Occupation: other"
659,30,male,engineer,"Age: 30
Gender: male
Occupation: engineer"
661,25,male,administrator,"Age: 25
Gender: male
Occupation: administrator"
662,44,male,administrator,"Age: 44
Gender: male
Occupation: administrator"
665,35,male,librarian,"Age: 35
Gender: male
Occupation: librarian"
667,29,female,writer,"Age: 29
Gender: female
Occupation: writer"
670,37,male,other,"Age: 37
Gender: male
Occupation: other"
690,30,male,technician,"Age: 30
Gender: male
Occupation: technician"
669,21,male,programmer,"Age: 21
Gender: male
Occupation: programmer"
681,54,female,administrator,"Age: 54
Gender: female
Occupation: administrator"
668,51,male,educator,"Age: 51
Gender: male
Occupation: educator"
672,13,female,student,"Age: 13
Gender: female
Occupation: student"
701,34,male,other,"Age: 34
Gender: male
Occupation: other"
671,30,male,programmer,"Age: 30
Gender: male
Occupation: programmer"
674,20,male,other,"Age: 20
Gender: male
Occupation: other"
711,50,male,educator,"Age: 50
Gender: male
Occupation: educator"
676,20,female,student,"Age: 20
Gender: female
Occupation: student"
692,33,male,lawyer,"Age: 33
Gender: male
Occupation: lawyer"
710,44,female,marketing,"Age: 44
Gender: female
Occupation: marketing"
675,23,male,programmer,"Age: 23
Gender: male
Occupation: programmer"
679,42,male,librarian,"Age: 42
Gender: male
Occupation: librarian"
677,28,male,student,"Age: 28
Gender: male
Occupation: student"
678,32,female,librarian,"Age: 32
Gender: female
Occupation: librarian"
685,32,male,educator,"Age: 32
Gender: male
Occupation: educator"
699,31,female,healthcare,"Age: 31
Gender: female
Occupation: healthcare"
687,37,female,administrator,"Age: 37
Gender: female
Occupation: administrator"
684,25,male,other,"Age: 25
Gender: male
Occupation: other"
683,35,male,salesman,"Age: 35
Gender: male
Occupation: salesman"
680,34,male,educator,"Age: 34
Gender: male
Occupation: educator"
682,34,male,engineer,"Age: 34
Gender: male
Occupation: engineer"
686,43,female,healthcare,"Age: 43
Gender: female
Occupation: healthcare"
691,60,male,programmer,"Age: 60
Gender: male
Occupation: programmer"
700,26,male,writer,"Age: 26
Gender: male
Occupation: writer"
718,55,male,other,"Age: 55
Gender: male
Occupation: other"
688,25,male,other,"Age: 25
Gender: male
Occupation: other"
689,28,female,programmer,"Age: 28
Gender: female
Occupation: programmer"
695,44,male,other,"Age: 44
Gender: male
Occupation: other"
698,17,male,student,"Age: 17
Gender: male
Occupation: student"
694,51,female,librarian,"Age: 51
Gender: female
Occupation: librarian"
713,37,male,other,"Age: 37
Gender: male
Occupation: other"
728,26,male,educator,"Age: 26
Gender: male
Occupation: educator"
696,51,female,librarian,"Age: 51
Gender: female
Occupation: librarian"
693,21,female,student,"Age: 21
Gender: female
Occupation: student"
723,23,male,student,"Age: 23
Gender: male
Occupation: student"
697,56,female,librarian,"Age: 56
Gender: female
Occupation: librarian"
702,26,female,homemaker,"Age: 26
Gender: female
Occupation: homemaker"
703,21,male,other,"Age: 21
Gender: male
Occupation: other"
705,19,male,student,"Age: 19
Gender: male
Occupation: student"
704,22,female,student,"Age: 22
Gender: female
Occupation: student"
706,22,female,student,"Age: 22
Gender: female
Occupation: student"
708,42,female,other,"Age: 42
Gender: female
Occupation: other"
715,26,male,engineer,"Age: 26
Gender: male
Occupation: engineer"
707,21,male,technician,"Age: 21
Gender: male
Occupation: technician"
709,36,female,administrator,"Age: 36
Gender: female
Occupation: administrator"
716,24,male,technician,"Age: 24
Gender: male
Occupation: technician"
717,42,male,technician,"Age: 42
Gender: male
Occupation: technician"
712,37,female,other,"Age: 37
Gender: female
Occupation: other"
724,49,female,administrator,"Age: 49
Gender: female
Occupation: administrator"
714,24,female,entertainment,"Age: 24
Gender: female
Occupation: entertainment"
719,50,female,homemaker,"Age: 50
Gender: female
Occupation: homemaker"
741,26,male,executive,"Age: 26
Gender: male
Occupation: executive"
720,31,male,executive,"Age: 31
Gender: male
Occupation: executive"
722,21,male,student,"Age: 21
Gender: male
Occupation: student"
726,25,female,administrator,"Age: 25
Gender: female
Occupation: administrator"
721,25,male,student,"Age: 25
Gender: male
Occupation: student"
727,58,male,executive,"Age: 58
Gender: male
Occupation: executive"
725,19,male,student,"Age: 19
Gender: male
Occupation: student"
732,31,female,scientist,"Age: 31
Gender: female
Occupation: scientist"
746,41,female,educator,"Age: 41
Gender: female
Occupation: educator"
754,28,female,other,"Age: 28
Gender: female
Occupation: other"
736,44,female,other,"Age: 44
Gender: female
Occupation: other"
731,25,female,other,"Age: 25
Gender: female
Occupation: other"
739,29,female,healthcare,"Age: 29
Gender: female
Occupation: healthcare"
730,48,female,writer,"Age: 48
Gender: female
Occupation: writer"
735,30,male,programmer,"Age: 30
Gender: male
Occupation: programmer"
729,35,male,technician,"Age: 35
Gender: male
Occupation: technician"
742,35,male,technician,"Age: 35
Gender: male
Occupation: technician"
738,25,female,educator,"Age: 25
Gender: female
Occupation: educator"
748,25,male,writer,"Age: 25
Gender: male
Occupation: writer"
734,35,male,student,"Age: 35
Gender: male
Occupation: student"
733,31,male,programmer,"Age: 31
Gender: male
Occupation: programmer"
756,35,male,marketing,"Age: 35
Gender: male
Occupation: marketing"
737,42,male,writer,"Age: 42
Gender: male
Occupation: writer"
745,25,male,engineer,"Age: 25
Gender: male
Occupation: engineer"
740,19,male,other,"Age: 19
Gender: male
Occupation: other"
744,28,male,administrator,"Age: 28
Gender: male
Occupation: administrator"
743,33,male,other,"Age: 33
Gender: male
Occupation: other"
747,28,male,administrator,"Age: 28
Gender: male
Occupation: administrator"
749,24,female,other,"Age: 24
Gender: female
Occupation: other"
752,60,male,retired,"Age: 60
Gender: male
Occupation: retired"
758,56,male,salesman,"Age: 56
Gender: male
Occupation: salesman"
757,59,female,librarian,"Age: 59
Gender: female
Occupation: librarian"
763,44,female,educator,"Age: 44
Gender: female
Occupation: educator"
750,30,female,none,"Age: 30
Gender: female
Occupation: none"
751,26,male,student,"Age: 26
Gender: male
Occupation: student"
753,27,male,student,"Age: 27
Gender: male
Occupation: student"
774,20,female,student,"Age: 20
Gender: female
Occupation: student"
771,35,female,other,"Age: 35
Gender: female
Occupation: other"
772,17,male,student,"Age: 17
Gender: male
Occupation: student"
755,32,male,administrator,"Age: 32
Gender: male
Occupation: administrator"
759,27,male,scientist,"Age: 27
Gender: male
Occupation: scientist"
760,27,female,educator,"Age: 27
Gender: female
Occupation: educator"
767,31,male,student,"Age: 31
Gender: male
Occupation: student"
769,42,male,other,"Age: 42
Gender: male
Occupation: other"
761,70,male,engineer,"Age: 70
Gender: male
Occupation: engineer"
765,29,male,administrator,"Age: 29
Gender: male
Occupation: administrator"
762,39,male,executive,"Age: 39
Gender: male
Occupation: executive"
782,28,male,student,"Age: 28
Gender: male
Occupation: student"
764,26,male,student,"Age: 26
Gender: male
Occupation: student"
768,50,male,writer,"Age: 50
Gender: male
Occupation: writer"
766,20,male,student,"Age: 20
Gender: male
Occupation: student"
770,30,male,student,"Age: 30
Gender: male
Occupation: student"
800,46,male,executive,"Age: 46
Gender: male
Occupation: executive"
775,30,male,librarian,"Age: 30
Gender: male
Occupation: librarian"
773,63,male,programmer,"Age: 63
Gender: male
Occupation: programmer"
778,34,male,student,"Age: 34
Gender: male
Occupation: student"
777,31,male,student,"Age: 31
Gender: male
Occupation: student"
776,49,male,programmer,"Age: 49
Gender: male
Occupation: programmer"
790,20,male,student,"Age: 20
Gender: male
Occupation: student"
779,21,female,artist,"Age: 21
Gender: female
Occupation: artist"
787,30,male,marketing,"Age: 30
Gender: male
Occupation: marketing"
781,47,male,administrator,"Age: 47
Gender: male
Occupation: administrator"
788,32,male,engineer,"Age: 32
Gender: male
Occupation: engineer"
780,36,female,engineer,"Age: 36
Gender: female
Occupation: engineer"
786,18,female,student,"Age: 18
Gender: female
Occupation: student"
783,51,male,administrator,"Age: 51
Gender: male
Occupation: administrator"
784,29,male,other,"Age: 29
Gender: male
Occupation: other"
785,27,male,technician,"Age: 27
Gender: male
Occupation: technician"
795,31,male,educator,"Age: 31
Gender: male
Occupation: educator"
801,40,male,programmer,"Age: 40
Gender: male
Occupation: programmer"
793,22,male,student,"Age: 22
Gender: male
Occupation: student"
789,32,male,educator,"Age: 32
Gender: male
Occupation: educator"
792,30,male,programmer,"Age: 30
Gender: male
Occupation: programmer"
791,32,female,writer,"Age: 32
Gender: female
Occupation: writer"
806,44,female,other,"Age: 44
Gender: female
Occupation: other"
794,40,female,writer,"Age: 40
Gender: female
Occupation: writer"
802,49,female,administrator,"Age: 49
Gender: female
Occupation: administrator"
797,25,male,programmer,"Age: 25
Gender: male
Occupation: programmer"
807,22,male,writer,"Age: 22
Gender: male
Occupation: writer"
796,35,male,administrator,"Age: 35
Gender: male
Occupation: administrator"
799,70,male,administrator,"Age: 70
Gender: male
Occupation: administrator"
798,39,male,educator,"Age: 39
Gender: male
Occupation: educator"
803,27,female,other,"Age: 27
Gender: female
Occupation: other"
804,27,male,marketing,"Age: 27
Gender: male
Occupation: marketing"
805,41,female,healthcare,"Age: 41
Gender: female
Occupation: healthcare"
823,45,male,salesman,"Age: 45
Gender: male
Occupation: salesman"
808,50,female,marketing,"Age: 50
Gender: female
Occupation: marketing"
834,55,female,other,"Age: 55
Gender: female
Occupation: other"
819,40,female,educator,"Age: 40
Gender: female
Occupation: educator"
814,22,male,technician,"Age: 22
Gender: male
Occupation: technician"
840,14,female,student,"Age: 14
Gender: female
Occupation: student"
813,30,male,other,"Age: 30
Gender: male
Occupation: other"
809,32,male,other,"Age: 32
Gender: male
Occupation: other"
828,34,male,other,"Age: 34
Gender: male
Occupation: other"
810,19,male,student,"Age: 19
Gender: male
Occupation: student"
812,28,male,librarian,"Age: 28
Gender: male
Occupation: librarian"
832,59,male,administrator,"Age: 59
Gender: male
Occupation: administrator"
859,22,male,student,"Age: 22
Gender: male
Occupation: student"
811,37,male,engineer,"Age: 37
Gender: male
Occupation: engineer"
844,29,female,librarian,"Age: 29
Gender: female
Occupation: librarian"
815,27,male,artist,"Age: 27
Gender: male
Occupation: artist"
853,31,male,other,"Age: 31
Gender: male
Occupation: other"
816,44,male,engineer,"Age: 44
Gender: male
Occupation: engineer"
821,28,male,artist,"Age: 28
Gender: male
Occupation: artist"
817,23,female,engineer,"Age: 23
Gender: female
Occupation: engineer"
824,28,male,librarian,"Age: 28
Gender: male
Occupation: librarian"
818,48,male,writer,"Age: 48
Gender: male
Occupation: writer"
820,46,male,programmer,"Age: 46
Gender: male
Occupation: programmer"
822,21,male,other,"Age: 21
Gender: male
Occupation: other"
833,24,male,technician,"Age: 24
Gender: male
Occupation: technician"
826,34,male,writer,"Age: 34
Gender: male
Occupation: writer"
837,26,male,other,"Age: 26
Gender: male
Occupation: other"
825,44,female,executive,"Age: 44
Gender: female
Occupation: executive"
827,44,male,artist,"Age: 44
Gender: male
Occupation: artist"
839,36,female,artist,"Age: 36
Gender: female
Occupation: artist"
829,23,male,student,"Age: 23
Gender: male
Occupation: student"
830,38,female,entertainment,"Age: 38
Gender: female
Occupation: entertainment"
831,39,male,artist,"Age: 39
Gender: male
Occupation: artist"
855,45,male,doctor,"Age: 45
Gender: male
Occupation: doctor"
841,40,male,writer,"Age: 40
Gender: male
Occupation: writer"
836,35,male,librarian,"Age: 35
Gender: male
Occupation: librarian"
835,22,male,engineer,"Age: 22
Gender: male
Occupation: engineer"
854,64,male,doctor,"Age: 64
Gender: male
Occupation: doctor"
838,27,male,lawyer,"Age: 27
Gender: male
Occupation: lawyer"
842,29,male,student,"Age: 29
Gender: male
Occupation: student"
843,46,male,engineer,"Age: 46
Gender: male
Occupation: engineer"
847,15,female,student,"Age: 15
Gender: female
Occupation: student"
849,34,male,technician,"Age: 34
Gender: male
Occupation: technician"
846,18,male,other,"Age: 18
Gender: male
Occupation: other"
845,46,male,administrator,"Age: 46
Gender: male
Occupation: administrator"
851,49,male,writer,"Age: 49
Gender: male
Occupation: writer"
848,29,female,student,"Age: 29
Gender: female
Occupation: student"
852,53,male,librarian,"Age: 53
Gender: male
Occupation: librarian"
858,43,female,marketing,"Age: 43
Gender: female
Occupation: marketing"
862,35,female,administrator,"Age: 35
Gender: female
Occupation: administrator"
850,63,male,educator,"Age: 63
Gender: male
Occupation: educator"
856,18,female,other,"Age: 18
Gender: female
Occupation: other"
861,70,female,retired,"Age: 70
Gender: female
Occupation: retired"
867,38,female,student,"Age: 38
Gender: female
Occupation: student"
857,25,male,executive,"Age: 25
Gender: male
Occupation: executive"
860,17,male,student,"Age: 17
Gender: male
Occupation: student"
863,27,male,programmer,"Age: 27
Gender: male
Occupation: programmer"
864,25,male,artist,"Age: 25
Gender: male
Occupation: artist"
873,45,male,other,"Age: 45
Gender: male
Occupation: other"
866,24,male,scientist,"Age: 24
Gender: male
Occupation: scientist"
865,21,male,programmer,"Age: 21
Gender: male
Occupation: programmer"
878,30,male,student,"Age: 30
Gender: male
Occupation: student"
868,22,male,student,"Age: 22
Gender: male
Occupation: student"
869,31,male,executive,"Age: 31
Gender: male
Occupation: executive"
872,19,female,student,"Age: 19
Gender: female
Occupation: student"
875,48,female,administrator,"Age: 48
Gender: female
Occupation: administrator"
887,36,male,scientist,"Age: 36
Gender: male
Occupation: scientist"
870,24,female,student,"Age: 24
Gender: female
Occupation: student"
871,41,male,other,"Age: 41
Gender: male
Occupation: other"
874,30,male,other,"Age: 30
Gender: male
Occupation: other"
877,50,female,educator,"Age: 50
Gender: female
Occupation: educator"
880,33,female,administrator,"Age: 33
Gender: female
Occupation: administrator"
876,13,male,student,"Age: 13
Gender: male
Occupation: student"
879,39,male,marketing,"Age: 39
Gender: male
Occupation: marketing"
882,35,male,engineer,"Age: 35
Gender: male
Occupation: engineer"
881,49,male,librarian,"Age: 49
Gender: male
Occupation: librarian"
883,44,male,engineer,"Age: 44
Gender: male
Occupation: engineer"
885,30,female,other,"Age: 30
Gender: female
Occupation: other"
884,20,male,student,"Age: 20
Gender: male
Occupation: student"
891,14,female,student,"Age: 14
Gender: female
Occupation: student"
933,41,male,scientist,"Age: 41
Gender: male
Occupation: scientist"
886,24,male,technician,"Age: 24
Gender: male
Occupation: technician"
889,32,male,student,"Age: 32
Gender: male
Occupation: student"
892,51,female,administrator,"Age: 51
Gender: female
Occupation: administrator"
888,36,male,other,"Age: 36
Gender: male
Occupation: other"
890,25,male,student,"Age: 25
Gender: male
Occupation: student"
893,47,male,educator,"Age: 47
Gender: male
Occupation: educator"
904,31,female,librarian,"Age: 31
Gender: female
Occupation: librarian"
894,28,male,writer,"Age: 28
Gender: male
Occupation: writer"
895,30,male,other,"Age: 30
Gender: male
Occupation: other"
903,23,male,homemaker,"Age: 23
Gender: male
Occupation: homemaker"
897,32,male,other,"Age: 32
Gender: male
Occupation: other"
906,60,male,retired,"Age: 60
Gender: male
Occupation: retired"
896,38,male,executive,"Age: 38
Gender: male
Occupation: executive"
902,45,female,artist,"Age: 45
Gender: female
Occupation: artist"
898,28,male,educator,"Age: 28
Gender: male
Occupation: educator"
899,17,female,student,"Age: 17
Gender: female
Occupation: student"
901,27,male,other,"Age: 27
Gender: male
Occupation: other"
905,45,male,librarian,"Age: 45
Gender: male
Occupation: librarian"
900,25,female,other,"Age: 25
Gender: female
Occupation: other"
907,44,female,librarian,"Age: 44
Gender: female
Occupation: librarian"
927,50,female,educator,"Age: 50
Gender: female
Occupation: educator"
915,28,male,healthcare,"Age: 28
Gender: male
Occupation: healthcare"
909,37,female,writer,"Age: 37
Gender: female
Occupation: writer"
910,51,male,other,"Age: 51
Gender: male
Occupation: other"
916,27,male,student,"Age: 27
Gender: male
Occupation: student"
911,44,female,other,"Age: 44
Gender: female
Occupation: other"
917,50,male,entertainment,"Age: 50
Gender: male
Occupation: entertainment"
908,27,male,engineer,"Age: 27
Gender: male
Occupation: engineer"
925,22,female,student,"Age: 22
Gender: female
Occupation: student"
912,40,male,scientist,"Age: 40
Gender: male
Occupation: scientist"
913,25,male,other,"Age: 25
Gender: male
Occupation: other"
942,30,female,artist,"Age: 30
Gender: female
Occupation: artist"
914,20,female,student,"Age: 20
Gender: female
Occupation: student"
918,29,female,administrator,"Age: 29
Gender: female
Occupation: administrator"
919,21,male,student,"Age: 21
Gender: male
Occupation: student"
922,29,male,other,"Age: 29
Gender: male
Occupation: other"
934,18,female,salesman,"Age: 18
Gender: female
Occupation: salesman"
937,49,male,entertainment,"Age: 49
Gender: male
Occupation: entertainment"
921,23,male,programmer,"Age: 23
Gender: male
Occupation: programmer"
920,21,male,student,"Age: 21
Gender: male
Occupation: student"
923,44,male,scientist,"Age: 44
Gender: male
Occupation: scientist"
941,28,female,scientist,"Age: 28
Gender: female
Occupation: scientist"
924,60,male,educator,"Age: 60
Gender: male
Occupation: educator"
926,58,male,educator,"Age: 58
Gender: male
Occupation: educator"
929,28,male,student,"Age: 28
Gender: male
Occupation: student"
928,61,male,engineer,"Age: 61
Gender: male
Occupation: engineer"
930,42,male,doctor,"Age: 42
Gender: male
Occupation: doctor"
940,24,male,other,"Age: 24
Gender: male
Occupation: other"
936,48,male,educator,"Age: 48
Gender: male
Occupation: educator"
931,38,female,technician,"Age: 38
Gender: female
Occupation: technician"
939,26,female,student,"Age: 26
Gender: female
Occupation: student"
932,32,male,administrator,"Age: 32
Gender: male
Occupation: administrator"
943,20,male,student,"Age: 20
Gender: male
Occupation: student"
935,48,female,librarian,"Age: 48
Gender: female
Occupation: librarian"
938,22,male,student,"Age: 22
Gender: male
Occupation: student"
